pairID,gold_Label,eSNLI_Explanation,ChatGPT_Explanation,Similarity
3416050480.jpg#4r1n,neutral,the person is not necessarily training his horse,The person is preparing their horse for an event.,0.5773195876288659
3416050480.jpg#4r1c,contradiction,One cannot be on a jumping horse cannot be a diner ordering food.,Contradiction between the person being *on a horse* and *jumping over a broken down airplane* and the person being *at a diner* and *ordering an omelette*.,0.42727272727272725
3416050480.jpg#4r1e,entailment,a broken down airplane is outdoors,"The person on the horse jumping over the broken down airplane implies that the person is outdoors on a horse, supporting the hypothesis of being outdoors on a horse.",0.3316582914572864
2267923837.jpg#2r1n,neutral,Just because they are smiling and waving at a camera does not imply their parents or anyone is anyone behind it,The children are smiling at their parents.,0.43137254901960786
2267923837.jpg#2r1e,entailment,The children must be present to see them smiling and waving.,The hypothesis of there being children present is entailed by the premise of children smiling and waving at the camera.,0.5363128491620112
2267923837.jpg#2r1c,contradiction,One cannot be smiling and frowning at the same time.,The hypothesis contradicts the gold explanation.,0.3
3691670743.jpg#0r1c,contradiction,One cannot be in the middle of a bridge if they are on the sidewalk.,"The marked words in the two sentences contradict each other, suggesting that the hypothesis is not supported by the premise.",0.3541666666666667
3691670743.jpg#0r1e,entailment,jumping on skateboard is the same as doing trick on skateboard.,The boy on the skateboard is performing a trick.,0.5405405405405406
3691670743.jpg#0r1n,neutral,Just because the boy is jumping on a skateboard does not imply he is wearing safety equipment,The boy is wearing safety equipment.,0.5271317829457365
4804607632.jpg#0r1n,neutral,it is not necessarily true the man drinks his juice,"Explanation: The marked word ""drinks"" suggests that the man has finished sitting and is now actively consuming his juice.",0.3372093023255814
4804607632.jpg#0r1c,contradiction,A boy is not considered an older man.,Contradiction.,0.23529411764705882
4804607632.jpg#0r1e,neutral,The coffee shop was never described as small,"The marked word ""small"" suggests that the man is in a compact or cozy coffee shop, indicating a neutral setting.",0.3076923076923077
4705552913.jpg#4r1n,neutral,Hugging does not imply being vacation.,The explanation is related to women hugging on vacation.,0.40425531914893614
4705552913.jpg#4r1c,contradiction,The women cannot be hugging while they are sleeping.,"The marked words ""hugging"" and ""sleeping"" are contradictory, which is supported by the gold explanation of ""contradiction"".",0.29714285714285715
4705552913.jpg#4r1e,entailment,Hugging one another is the same as showing affection.,"The hypothesis shows the same semantic relationship as the gold explanation, which is entailment.",0.3466666666666667
4804607632.jpg#2r1n,neutral,"We only know that someone is drinking orange juice, we do not know that they are eating omelettes","The hypothesis is not supported by the given premise, resulting in a neutral explanation.",0.3333333333333333
4804607632.jpg#2r1c,contradiction,People cannot be at a restaurant and in school at the same time.,Contradiction.,0.28205128205128205
4804607632.jpg#2r1e,entailment,A few pepople in a restaurant setting is similar to saying diners in a restaurant.,"The marked words in the given sentences suggest that the premise and hypothesis are focused on the same topic, indicating an entailment relationship.",0.30303030303030304
4804607632.jpg#3r1e,entailment,orange juice is a juice.,"The man in the hypothesis is drinking the same type of juice as the older man in the premise, resulting in an entailment between the two statements.",0.22093023255813954
4804607632.jpg#3r1c,contradiction,One older man cannot be described as two women. Orange juice cannot be wine.,Contradiction.,0.08888888888888889
4804607632.jpg#3r1n,neutral,the man is not necessarily waiting,"The gold explanation is neutral because the marked word ""waiting"" does not indicate a positive or negative sentiment.",0.1986754966887417
4850814517.jpg#1r1n,neutral,the man is not necessarily in the park,The man is getting a drink of water from a public fountain.,0.3917525773195876
4850814517.jpg#1r1c,contradiction,One cannot drink out of a water fountain while reading a book on a bench.,Explanation: contradiction,0.24242424242424243
4850814517.jpg#1r1e,entailment,fountain is in public so public water fountain is the same as public water fountain.,"The man with blond hair and a brown shirt is drinking from a public water fountain, which entails that he is a blond man drinking from a fountain.",0.46956521739130436
4705552913.jpg#0r1c,contradiction,"sentence 1 just had lunch hugging and saying goodbyes, in sentence 2 the meal the diners are scowling at each other over a full dinner table",Contradiction,0.06535947712418301
4705552913.jpg#0r1e,entailment,The two woman in this picture is snashot of their activities while having lunch and saying goodbye.,"Explanation: The marked words in the two sentences show a clear overlap between the two women in the picture and the two women who had lunch, providing evidence for the hypothesis.",0.40860215053763443
4705552913.jpg#0r1n,neutral,Two women are not assumed to be friends.  Having lunch does not imply that they met for the first time in 20 years and had a great time catching up.,"The friends have just met for the first time in 20 years, and have had a great time catching up.",0.7049180327868853
4705552913.jpg#3r1n,neutral,Just because two women are hugging does not mean they are sisters or they are in a crowded diner.,Explanation: The two women shared a hug after seeing each other in a busy restaurant while holding takeout containers.,0.4186046511627907
4705552913.jpg#3r1c,contradiction,Two women cannot also be two groups,Contradiction.,0.12244897959183673
4705552913.jpg#3r1e,entailment,"Although at first this may seem impossible to do without a mess, the two women could hug by holding their carryout in one hand and hugging, mess-free.",Entailment.,0.07453416149068323
3637966641.jpg#1r1n,neutral,The runner sliding into a base was not described as the games winning play,The explanation is that the team is trying to score during the game.,0.38028169014084506
3637966641.jpg#1r1e,entailment,When a runner catch a runner the runner  will tag the other runner show therefore catch and tag mean the same thing.,"They both describe an attempt to stop a runner, therefore the explanation is entailment.",0.3235294117647059
3637966641.jpg#1r1c,contradiction,A little league team would not be on Saturn,Contradiction,0.17857142857142858
3636329461.jpg#0r1c,contradiction,Basketball is american culture.,"Contradiction: The school is hosting a basketball game for their special event, which does not align with their stated purpose of showcasing cultural diversity.",0.28272251308900526
3636329461.jpg#0r1n,neutral,The school was never described as a high school,Neutral,0.07407407407407407
3636329461.jpg#0r1e,entailment,An event is a special  occasion so all event is a special event.,Explanation: The school's event is specifically focused on showcasing American culture and how it differs from other cultures in terms of party etiquette.,0.3302752293577982
4934873039.jpg#0r1c,contradiction,"High fashion ladies do care about what they wear, always making sure their clothes are up to date.",The women's high fashion appearance contradicts the hypothesis that they do not care about their clothing.,0.43137254901960786
4934873039.jpg#0r1e,entailment,ladies means women.,"The hypothesis can be inferred from the premise, resulting in an entailment between the two sentences.",0.18181818181818182
4934873039.jpg#0r1n,neutral,The women are never described as enjoying having a good fashion sense,The marked words suggest that the women have a positive attitude towards fashion.,0.36
2946464027.jpg#1r1n,neutral,"A man and a woman with a child are not necessarily its mom and dad. A man, woman, and child at a beach are not necessarily on summer vacation.",The explanation is about a family spending quality time together on a beach during summer vacation.,0.4066390041493776
2946464027.jpg#3r1e,entailment,little boy is a young child.,"The marked words in the hypothesis and premise indicate that the couple and child are of similar age, leading to the explanation of entailment.",0.2222222222222222
190083339.jpg#4r1n,neutral,A man and a woman crossing a street are not necessarily a couple.,The *couple* are walking across the street together.,0.37606837606837606
190083339.jpg#1r5c,contradiction,The woman is in either white or black.,Contradiction,0.11764705882352941
190083339.jpg#1r1c,contradiction,One cannot be walking with a sign for John's Pizza and Gyro in the background and sitting down with a sign in his arms.,"Explanation: The marked words in the first sentence indicate movement and holding of a sign, while the marked words in the second sentence suggest the opposite, resulting in a contradiction.",0.31715210355987056
190083339.jpg#0r1c,contradiction,One cannot be walking across a street and swimming in water.,"Explanation: The two adults are doing different activities, one is walking and one is swimming, making them contradictory.",0.3516483516483517
190083339.jpg#0r1e,entailment,A street and a road are the same thing.,entailment,0.20408163265306123
190083339.jpg#2r3c,contradiction,One cannot play baseball and eat banana together.,"The gold explanation of ""contradiction"" indicates that the premise and hypothesis cannot both be true.",0.2251655629139073
190083339.jpg#2r1n,neutral,The woman's actions to not imply any personal information about her. Now it is known that she is a seductress.,The woman's actions and presence could be interpreted as sexually alluring or seductive.,0.43434343434343436
3053415073.jpg#3r1c,contradiction,A person can be man or woman.,The person is not a woman.,0.5818181818181818
3053415073.jpg#1r1n,neutral,Sentence 1: A yellow uniformed skier is performing a trick across a railed object. Sentence 2: A skier is competing in a competition.,The skier is participating in a competition.,0.4406779661016949
262642489.jpg#3r1c,contradiction,A dog and a cat are two different animals.  An animal cannot be swimming while it takes a bath.,Contradiction,0.09259259259259259
262642489.jpg#1r1e,entailment,"""A dog"" is a less detailed restatement of a ""big brown dog.""",entailment,0.2571428571428571
2848418175.jpg#2r1e,entailment,A man can be a farmer,The man is a farmer.,0.6829268292682927
2644326817.jpg#3r1c,contradiction,"If a dog drops something, he cannot catch it at the same time.  A disc and a ball are two different objects.",Contradiction.,0.11475409836065574
4804607632.jpg#4r1e,entailment,Elderly is the same as old and orange juice is a beverage.,Entailment,0.14705882352941177
4473826637.jpg#4r1e,entailment,The children headed home from school are also school children.,"The marked words in the sentences indicate that the children are headed home, providing a clear example of entailment between the premise and hypothesis.",0.33488372093023255
1148238960.jpg#2r2n,neutral,A person is waiting while the light is green they doesn't need to be on bike,Explanation: neutral,0.14583333333333334
1148238960.jpg#2r4c,contradiction,To be described as waiting is to be assumed as being alive to be able to wait.  Dead bicyclists do not wait.,"The marked words in the sentences indicate a contradiction between the premise and hypothesis, leading to the gold explanation.",0.2297872340425532
1148238960.jpg#3r5c,contradiction,People are not bikes.,"The hypothesis is contradicted by the premise since the people in the premise are waiting at a light on bikes, indicating that they are not inside.",0.20238095238095238
1148238960.jpg#3r2c,contradiction,Bikes cannot be included in a car race.,The hypothesis contradicts the premise.,0.3076923076923077
